{
 "industryOrder": [
  "SewVac",
  "Boutique",
  "Craft",
  "Dive",
  "Jewelry",
  "Music",
  "Other",
  "Outdoor",
  "Pet",
  "Quilt",
  "Thrift",
  "Framing",
  "Farm",
  "Grocery",
  "Liquor",
  "Convenience",
  "Technology Retail",
  "Tobacco"
 ],
 "industries": {
  "SewVac": {
   "gpvPerTxn": 129.74014388223452,
   "gpvAbs": {
    "cpVmd": 12175078,
    "cpAmex": 880408,
    "cnpVmd": 862823,
    "cnpAmex": 127256,
    "interac": 0
   },
   "txnAbs": {
    "cpVmd": 97669,
    "cpAmex": 4122,
    "cnpVmd": 5999,
    "cnpAmex": 408,
    "interac": 0
   },
   "gpvPct": {
    "cpVmd": 0.8668272155659099,
    "cpAmex": 0.06268227728824009,
    "cnpVmd": 0.061430280661546904,
    "cnpAmex": 0.009060226484303052,
    "interac": 0
   },
   "txnPct": {
    "cpVmd": 0.9026876652063809,
    "cpAmex": 0.03809682249209782,
    "cnpVmd": 0.05544464777537478,
    "cnpAmex": 0.0037708645261465092,
    "interac": 0
   },
   "icPct": {
    "cpVmd": 0.019033209479232906,
    "cpAmex": 0.026121593624773967,
    "cnpVmd": 0.02583329373463619,
    "cnpAmex": 0.03989650782674294,
    "interac": 0.0
   }
  },
  "Boutique": {
   "gpvPerTxn": 100.9207402167887,
   "gpvAbs": {
    "cpVmd": 4299952,
    "cpAmex": 778149,
    "cnpVmd": 115024,
    "cnpAmex": 16861,
    "interac": 0
   },
   "txnAbs": {
    "cpVmd": 46199,
    "cpAmex": 4942,
    "cnpVmd": 1030,
    "cnpAmex": 111,
    "interac": 0
   },
   "gpvPct": {
    "cpVmd": 0.8253288972369599,
    "cpAmex": 0.14935721516334208,
    "cnpVmd": 0.022077602511791777,
    "cnpAmex": 0.0032362850879061864,
    "interac": 0
   },
   "txnPct": {
    "cpVmd": 0.8836502046593474,
    "cpAmex": 0.09452584063348762,
    "cnpVmd": 0.019700853066064804,
    "cnpAmex": 0.0021231016411001873,
    "interac": 0
   },
   "icPct": {
    "cpVmd": 0.018144972315970037,
    "cpAmex": 0.024306990049463535,
    "cnpVmd": 0.023950827653359298,
    "cnpAmex": 0.027201826700670183,
    "interac": 0.0
   }
  },
  "Craft": {
   "gpvPerTxn": 74.2398370825796,
   "gpvAbs": {
    "cpVmd": 5107090,
    "cpAmex": 545698,
    "cnpVmd": 906713,
    "cnpAmex": 128432,
    "interac": 0
   },
   "txnAbs": {
    "cpVmd": 73495,
    "cpAmex": 5443,
    "cnpVmd": 10047,
    "cnpAmex": 1048,
    "interac": 0
   },
   "gpvPct": {
    "cpVmd": 0.7636275662450566,
    "cpAmex": 0.08159441788666244,
    "cnpVmd": 0.13557447420600655,
    "cnpAmex": 0.019203541662274427,
    "interac": 0
   },
   "txnPct": {
    "cpVmd": 0.816311796785623,
    "cpAmex": 0.060455610720513586,
    "cnpVmd": 0.1115924161140915,
    "cnpAmex": 0.011640176379771862,
    "interac": 0
   },
   "icPct": {
    "cpVmd": 0.01880614009151983,
    "cpAmex": 0.02408627116097182,
    "cnpVmd": 0.02437798950715386,
    "cnpAmex": 0.03092741684315435,
    "interac": 0.0
   }
  },
  "Dive": {
   "gpvPerTxn": 238.8790496410223,
   "gpvAbs": {
    "cpVmd": 8981476,
    "cpAmex": 1596992,
    "cnpVmd": 3488844,
    "cnpAmex": 669021,
    "interac": 0
   },
   "txnAbs": {
    "cpVmd": 45993,
    "cpAmex": 5389,
    "cnpVmd": 8971,
    "cnpAmex": 1264,
    "interac": 0
   },
   "gpvPct": {
    "cpVmd": 0.6094783553004672,
    "cpAmex": 0.1083710581187328,
    "cnpVmd": 0.23675116462148352,
    "cnpAmex": 0.045399421959316476,
    "interac": 0
   },
   "txnPct": {
    "cpVmd": 0.7464336141000049,
    "cpAmex": 0.08745962964766217,
    "cnpVmd": 0.1455929370141357,
    "cnpAmex": 0.02051381923819725,
    "interac": 0
   },
   "icPct": {
    "cpVmd": 0.020516059943822152,
    "cpAmex": 0.027508234230353062,
    "cnpVmd": 0.02645387985246689,
    "cnpAmex": 0.03274166281775909,
    "interac": 0.0
   }
  },
  "Jewelry": {
   "gpvPerTxn": 608.4353712585756,
   "gpvAbs": {
    "cpVmd": 14924668,
    "cpAmex": 4846611,
    "cnpVmd": 196708,
    "cnpAmex": 71519,
    "interac": 0
   },
   "txnAbs": {
    "cpVmd": 30064,
    "cpAmex": 2554,
    "cnpVmd": 271,
    "cnpAmex": 46,
    "interac": 0
   },
   "gpvPct": {
    "cpVmd": 0.744762271085924,
    "cpAmex": 0.24185281812835108,
    "cnpVmd": 0.009816010434588558,
    "cnpAmex": 0.0035689003511364,
    "interac": 0
   },
   "txnPct": {
    "cpVmd": 0.9128282981630484,
    "cpAmex": 0.07754668286017914,
    "cnpVmd": 0.008228328525884317,
    "cnpAmex": 0.001396690450888113,
    "interac": 0
   },
   "icPct": {
    "cpVmd": 0.018929643192062966,
    "cpAmex": 0.02687677018023522,
    "cnpVmd": 0.02459000142342965,
    "cnpAmex": 0.029705253149512712,
    "interac": 0.0
   }
  },
  "Music": {
   "gpvPerTxn": 118.40041287062301,
   "gpvAbs": {
    "cpVmd": 14117732,
    "cpAmex": 1440340,
    "cnpVmd": 2342828,
    "cnpAmex": 248906,
    "interac": 0
   },
   "txnAbs": {
    "cpVmd": 100808,
    "cpAmex": 5075,
    "cnpVmd": 45085,
    "cnpAmex": 2452,
    "interac": 0
   },
   "gpvPct": {
    "cpVmd": 0.7778447879828578,
    "cpAmex": 0.0793584239963777,
    "cnpVmd": 0.12908281223501783,
    "cnpAmex": 0.013713975785746691,
    "interac": 0
   },
   "txnPct": {
    "cpVmd": 0.657072089688437,
    "cpAmex": 0.033079129187850345,
    "cnpVmd": 0.29386651023334637,
    "cnpAmex": 0.015982270890366315,
    "interac": 0
   },
   "icPct": {
    "cpVmd": 0.01741473276302454,
    "cpAmex": 0.025825339850313118,
    "cnpVmd": 0.024896210904086856,
    "cnpAmex": 0.03252987071424554,
    "interac": 0.0
   }
  },
  "Other": {
   "gpvPerTxn": 63.688427155892164,
   "gpvAbs": {
    "cpVmd": 25648636,
    "cpAmex": 2663455,
    "cnpVmd": 469620,
    "cnpAmex": 60411,
    "interac": 0
   },
   "txnAbs": {
    "cpVmd": 423663,
    "cpAmex": 28237,
    "cnpVmd": 1820,
    "cnpAmex": 167,
    "interac": 0
   },
   "gpvPct": {
    "cpVmd": 0.8892770095071368,
    "cpAmex": 0.09234601393059776,
    "cnpVmd": 0.016282435806907688,
    "cnpAmex": 0.002094540755357737,
    "interac": 0
   },
   "txnPct": {
    "cpVmd": 0.9334107387962202,
    "cpAmex": 0.06221151960730314,
    "cnpVmd": 0.004009808608750636,
    "cnpAmex": 0.0003679329877260199,
    "interac": 0
   },
   "icPct": {
    "cpVmd": 0.017957867233173726,
    "cpAmex": 0.023945187735478917,
    "cnpVmd": 0.026055342617435376,
    "cnpAmex": 0.03619721573885551,
    "interac": 0.0
   }
  },
  "Outdoor": {
   "gpvPerTxn": 101.35241014799155,
   "gpvAbs": {
    "cpVmd": 3705415,
    "cpAmex": 541340,
    "cnpVmd": 482412,
    "cnpAmex": 63172,
    "interac": 0
   },
   "txnAbs": {
    "cpVmd": 42779,
    "cpAmex": 2871,
    "cnpVmd": 1466,
    "cnpAmex": 166,
    "interac": 0
   },
   "gpvPct": {
    "cpVmd": 0.7731955105847061,
    "cpAmex": 0.11295945466295268,
    "cnpVmd": 0.10066316260181093,
    "cnpAmex": 0.013181872150530252,
    "interac": 0
   },
   "txnPct": {
    "cpVmd": 0.90476291189036,
    "cpAmex": 0.060720781692821794,
    "cnpVmd": 0.031005456621970306,
    "cnpAmex": 0.0035108497948479335,
    "interac": 0
   },
   "icPct": {
    "cpVmd": 0.01912724755526709,
    "cpAmex": 0.02548897181069199,
    "cnpVmd": 0.026007479084268217,
    "cnpAmex": 0.0315060469828405,
    "interac": 0.0
   }
  },
  "Pet": {
   "gpvPerTxn": 58.7034985566314,
   "gpvAbs": {
    "cpVmd": 22919677,
    "cpAmex": 1778458,
    "cnpVmd": 296920,
    "cnpAmex": 34314,
    "interac": 0
   },
   "txnAbs": {
    "cpVmd": 397924,
    "cpAmex": 24494,
    "cnpVmd": 3595,
    "cnpAmex": 325,
    "interac": 0
   },
   "gpvPct": {
    "cpVmd": 0.915711338947458,
    "cpAmex": 0.07105484760722494,
    "cnpVmd": 0.011862863981908613,
    "cnpAmex": 0.0013709494634083664,
    "interac": 0
   },
   "txnPct": {
    "cpVmd": 0.9333533487514601,
    "cpAmex": 0.057452068546552264,
    "cnpVmd": 0.008432276738174876,
    "cnpAmex": 0.0007623059638127495,
    "interac": 0
   },
   "icPct": {
    "cpVmd": 0.016764210944159464,
    "cpAmex": 0.022847472360887917,
    "cnpVmd": 0.02293951232655261,
    "cnpAmex": 0.02945328437372501,
    "interac": 0.0
   }
  },
  "Quilt": {
   "gpvPerTxn": 84.57273895833865,
   "gpvAbs": {
    "cpVmd": 19384799,
    "cpAmex": 1129618,
    "cnpVmd": 2478986,
    "cnpAmex": 223474,
    "interac": 0
   },